;assessment_name;assessment_id
0;Test [M30M-CNE1];6866db4679133a1a31095ec6
1;Test [M30M-CNE2];6866dbc7ccd76d93960bc096
2;Test [M30M-CNE3];6866dc31b49bf11fb4096e06
3;Test [M30M-CNE4];6866dc9bb2a9370acd044816
4;Test [M30M-CNE5];6866dd07c8f5fd9db60e1d36
5;Test [M30M-CNE6];6866dd7698a7808be80931f6
6;Test [M30M-CNE7];6866dde69f1cee83350ee676
7;Test [M30M-CNE8];6866de71b4c5f31985041ab6
8;Test [M30M-CNE9];6866deeb2409ed93ed04b997
9;Test [M30M-CNE10];6866df736d7874650503fd26
10;Test [M30M-CNE11];6866dfaf519760307901a4d6
11;Test [M30M-CNE12];6866dfe933189e56010932b6
12;Test [M30M-CNR1];685de487f4245874a60c14c8
13;Test [M30M-CNR2];6866d6d18118083ae709bcf6
14;Test [M30M-CNR3];6866d74d737033c71a0b01f6
15;Test [M30M-CNR4];6866d7eaa5a421fc4b093896
16;Test [M30M-CNR5];6866d849c411c18773002817
17;Test [M30M-CNR6];6866d998da8f0dd38605f886
18;Test [M30M-CNR7];6866da1c02bfa42de10ff576
19;Test [M30M-CNR8];6866da96533ef40c1004a5f6
20;Test [M30M-CNR9];6866daf5cc32d2ef370367d6
21;Test [M30M-POT1];6866e1c031fdbfb89201d146
22;Test [M30M-POT2];6866e23a8bc7849acb044416
23;Test [M30M-POT3];6866e28550f85caa1d0e2d66
24;Test [M30M-POT4];6866e2c79d9a0d32720b8de6
25;Test [M30M-POT5];6866e334d97ab9c998042086
26;Test [M30M-POT6];6866e38ce4ec66f62b055786
27;Test [M30M-POT7];6866e3de6417725d94043cd6
28;Test [M30M-RAI1];6866dcd4007bb1c8e703a4d6
29;Test [M30M-RAI2];6866dd4a2e3cb5bf94005446
30;Test [M30M-RAI3];6866ddb8a5b3d02e7d0760f6
31;Test [M30M-RAI4];6866de39bd7e35a64b046186
32;Test [M30M-RAI5];6866dec5ba81ee8dcc098606
33;Test [M30M-RAI6];6866df3e2eb4a6853c06d726
34;Test [M30M-RAI7];6866e00d7065659b4d0afe56
35;Test [M30M-EXP1];6866e4607fef7db27502d266
36;Test [M30M-EXP2];6866e4d3adf739da4e023626
37;Test [M30M-EXP3];6866e4ee995da97b100c77b6
38;Test [M30M-EXP4];6866e51151703933d80b28a6
39;Test [M30M-EXP5];6866e539335a3eb3350cccb7
40;Test [M30M-EXP6];6866e54b98f4c7746f078766
41;Test [M30M-EXP7];6866ea959897ec89ab0183f6
42;Test [M30M-EXP8];6866e59cde6327da8a028876
43;Test [M30M-RYP1];6866e77d14a514a98e0ef4d6
44;Test [M30M-RYP2];6866e7c6fd34de354405ce36
45;Test [M30M-RYP3];6866e80c81c3096fa30efca6
46;Test [M30M-ECL1];6866e8c032b8c3afca0ae3d6
47;Test [M30M-ECL2];6866e9b69fb450f7bf063b36
48;Test [M30M-ECL3];6866eae529bd29ccd401ee96
49;Test [M30M-INL1];6866e0b9ef95cf517d04cda6
50;Test [M30M-INL2];6866e1285ae1f4918b0a9046
51;Test [M30M-INL3];6866e1ea9d7010abba05e186
52;Test [M30M-SEL1];6866ee76f97c837dc00daeb6
53;Test [M30M-SEL2];6866eecaa5ac46344a0538f6
54;Test [M30M-ECC1];6866ef400a83b17f4e0a93f6
55;Test [M30M-ECC2];6866ef84479040d7660f7c96
56;Test [M30M-ECC3];6866efbaf3b3295736047116
57;Test [M30M-ECC4];6866eff5bae2ee932d032716
58;Test [M30M-ECC5];6866f04585a526e9cc07ee76
59;Test [M30M-ECC6];6866f07826c146130206d006
60;Test [M30M-FUN1];6866e36b430f2b890d001c56
61;Test [M30M-FUN2];6866e40588af1984620b3466
62;Test [M30M-FLA1];6866f10c75449143f40914b6
63;Test [M30M-FLA2];6866f16a4de55429640fb106
64;Test [M30M-FLA3];6866f1d8aadb860ed4091f76
65;Test [M30M-FLA4];6866f21bfafbbbdfc10e0736
66;Test [M30M-FCC1];6866e5108147e07abc0d04e6
67;Test [M30M-FCC2];6866e5731580dba3ed0f68b6
68;Test [M30M-FCC3];6866e5cd00292f56aa0a5177
69;Test [M30M-FCC4];6866e62c62c53a78c50feab6
70;Test [M30M-AYP1];68682d4ef90787724c080ff6
71;Test [M30M-AYP2];68682e25992e77930e0c6366
72;Test [M30M-AYP3];68682e82b966389f500cd4b6
73;Test [M30M-AYP4];68682edcac92d9cbb30f7d06
74;Test [M30M-AYP5];68682f293cd9e2c1210d8bc6
75;Test [M30M-AYP6];68682f97c56dd6524a024826
76;Test [M30M-VYA1];686830fb7b4f860d8f0a6ac6
77;Test [M30M-TIS1];6868315af7715dd519004676
78;Test [M30M-TIS2];6868319ceebfc5384b017ab6
79;Test [M30M-TIS3];686831d14e5b97d192042e76
80;Test [M30M-TIS4];68683206118c701dd40310b6
81;Test [M30M-TIS5];686832442b25b8001702d106
82;Test [M30M-TYG1];6866e832146025127a013426
83;Test [M30M-TYG2];6866e893a45afe2ee9073bb6
84;Test [M30M-TYG3];6866e90b0556bfa0140a9786
85;Test [M30M-TYG4];6866e96ff84861e6b2039b47
86;Test [M30M-CNEX];68653fa3c189f29531058378
87;Test [M30M-PRO1];6866ea302af773bf7706f947
88;Test [M30M-PRO2];6866eabae529a1bb88057aa6
89;Test [M30M-PRO3];6866eb60638849ba18068776
90;Test [M30M-PRO4];6866ee07f01d3ea6d607c666
